"file_name","source_file","create_date","gps_longitude","gps_latitude"
"TimePhoto_20220814_112459.JPG","C:/Users/matwi/OneDrive/Projects/repo/fish_passage_peace_2022_reporting/data/photos/MW/TimePhoto_20220814_112459.JPG",2022-08-14 11:24:59,-122.470840020105,54.8313980083913
"TimePhoto_20220814_112923.JPG","C:/Users/matwi/OneDrive/Projects/repo/fish_passage_peace_2022_reporting/data/photos/MW/TimePhoto_20220814_112923.JPG",2022-08-14 11:29:23,-122.47090104036,54.8314130119979
"TimePhoto_20220814_113019.JPG","C:/Users/matwi/OneDrive/Projects/repo/fish_passage_peace_2022_reporting/data/photos/MW/TimePhoto_20220814_113019.JPG",2022-08-14 11:30:19,-122.470878995955,54.8314320389181
"TimePhoto_20220814_113149.JPG","C:/Users/matwi/OneDrive/Projects/repo/fish_passage_peace_2022_reporting/data/photos/MW/TimePhoto_20220814_113149.JPG",2022-08-14 11:31:49,-122.470878995955,54.831474032253
"TimePhoto_20220814_115118.JPG","C:/Users/matwi/OneDrive/Projects/repo/fish_passage_peace_2022_reporting/data/photos/MW/TimePhoto_20220814_115118.JPG",2022-08-14 11:51:18,-122.471001036465,54.8313059750944
"TimePhoto_20220814_115156.JPG","C:/Users/matwi/OneDrive/Projects/repo/fish_passage_peace_2022_reporting/data/photos/MW/TimePhoto_20220814_115156.JPG",2022-08-14 11:51:56,-122.471001036465,54.8313059750944
"TimePhoto_20220814_121558.JPG","C:/Users/matwi/OneDrive/Projects/repo/fish_passage_peace_2022_reporting/data/photos/MW/TimePhoto_20220814_121558.JPG",2022-08-14 12:15:58,-122.471236987039,54.8310010414571
"TimePhoto_20220814_144120.JPG","C:/Users/matwi/OneDrive/Projects/repo/fish_passage_peace_2022_reporting/data/photos/MW/TimePhoto_20220814_144120.JPG",2022-08-14 14:41:20,-122.470825016499,54.8314320389181
"TimePhoto_20220814_155959.JPG","C:/Users/matwi/OneDrive/Projects/repo/fish_passage_peace_2022_reporting/data/photos/MW/TimePhoto_20220814_155959.JPG",2022-08-14 15:59:59,-122.429062016308,54.833057038486
"TimePhoto_20220814_161018.JPG","C:/Users/matwi/OneDrive/Projects/repo/fish_passage_peace_2022_reporting/data/photos/MW/TimePhoto_20220814_161018.JPG",2022-08-14 16:10:18,-122.429047012702,54.832961987704
"TimePhoto_20220814_161040.JPG","C:/Users/matwi/OneDrive/Projects/repo/fish_passage_peace_2022_reporting/data/photos/MW/TimePhoto_20220814_161040.JPG",2022-08-14 16:10:40,-122.429092023522,54.8329579643905
"TimePhoto_20220814_162146.JPG","C:/Users/matwi/OneDrive/Projects/repo/fish_passage_peace_2022_reporting/data/photos/MW/TimePhoto_20220814_162146.JPG",2022-08-14 16:21:46,-122.429031003267,54.8329850379378
"TimePhoto_20220814_162333.JPG","C:/Users/matwi/OneDrive/Projects/repo/fish_passage_peace_2022_reporting/data/photos/MW/TimePhoto_20220814_162333.JPG",2022-08-14 16:23:33,-122.429084982723,54.833072964102
"TimePhoto_20220814_162358.JPG","C:/Users/matwi/OneDrive/Projects/repo/fish_passage_peace_2022_reporting/data/photos/MW/TimePhoto_20220814_162358.JPG",2022-08-14 16:23:58,-122.429077019915,54.833072964102
"TimePhoto_20220815_100749.JPG","C:/Users/matwi/OneDrive/Projects/repo/fish_passage_peace_2022_reporting/data/photos/MW/TimePhoto_20220815_100749.JPG",2022-08-15 10:07:49,-122.69359597005,54.7568630240858
"TimePhoto_20220815_102014.JPG","C:/Users/matwi/OneDrive/Projects/repo/fish_passage_peace_2022_reporting/data/photos/MW/TimePhoto_20220815_102014.JPG",2022-08-15 10:20:14,-122.693375023082,54.7569310013205
"TimePhoto_20220815_102104.JPG","C:/Users/matwi/OneDrive/Projects/repo/fish_passage_peace_2022_reporting/data/photos/MW/TimePhoto_20220815_102104.JPG",2022-08-15 10:21:04,-122.693314002827,54.757046001032
"TimePhoto_20220815_102142.JPG","C:/Users/matwi/OneDrive/Projects/repo/fish_passage_peace_2022_reporting/data/photos/MW/TimePhoto_20220815_102142.JPG",2022-08-15 10:21:41,-122.693335963413,54.7569470107555
"TimePhoto_20220815_102242.JPG","C:/Users/matwi/OneDrive/Projects/repo/fish_passage_peace_2022_reporting/data/photos/MW/TimePhoto_20220815_102242.JPG",2022-08-15 10:22:42,-122.693335963413,54.7569159977138
"TimePhoto_20220815_102414.JPG","C:/Users/matwi/OneDrive/Projects/repo/fish_passage_peace_2022_reporting/data/photos/MW/TimePhoto_20220815_102414.JPG",2022-08-15 10:24:14,-122.693375023082,54.7567180171609
"TimePhoto_20220815_144005.JPG","C:/Users/matwi/OneDrive/Projects/repo/fish_passage_peace_2022_reporting/data/photos/MW/TimePhoto_20220815_144005.JPG",2022-08-15 14:40:05,-122.462577978149,54.7560270130634
"TimePhoto_20220815_144238.JPG","C:/Users/matwi/OneDrive/Projects/repo/fish_passage_peace_2022_reporting/data/photos/MW/TimePhoto_20220815_144238.JPG",2022-08-15 14:42:38,-122.462447974831,54.7560229897499
"TimePhoto_20220815_144304.JPG","C:/Users/matwi/OneDrive/Projects/repo/fish_passage_peace_2022_reporting/data/photos/MW/TimePhoto_20220815_144304.JPG",2022-08-15 14:43:04,-122.462462978438,54.7560460399836
"TimePhoto_20220815_144314.JPG","C:/Users/matwi/OneDrive/Projects/repo/fish_passage_peace_2022_reporting/data/photos/MW/TimePhoto_20220815_144314.JPG",2022-08-15 14:43:14,-122.462462978438,54.7560460399836
"TimePhoto_20220815_145113.JPG","C:/Users/matwi/OneDrive/Projects/repo/fish_passage_peace_2022_reporting/data/photos/MW/TimePhoto_20220815_145113.JPG",2022-08-15 14:51:13,-122.462540008128,54.7559550125152
"TimePhoto_20220815_145129.JPG","C:/Users/matwi/OneDrive/Projects/repo/fish_passage_peace_2022_reporting/data/photos/MW/TimePhoto_20220815_145129.JPG",2022-08-15 14:51:29,-122.462540008128,54.7559550125152
"TimePhoto_20220815_154557.JPG","C:/Users/matwi/OneDrive/Projects/repo/fish_passage_peace_2022_reporting/data/photos/MW/TimePhoto_20220815_154557.JPG",2022-08-15 15:45:57,-122.461777003482,54.7566300071776
"TimePhoto_20220815_154617.JPG","C:/Users/matwi/OneDrive/Projects/repo/fish_passage_peace_2022_reporting/data/photos/MW/TimePhoto_20220815_154617.JPG",2022-08-15 15:46:17,-122.461754037067,54.7566379699856
"TimePhoto_20220815_155858.JPG","C:/Users/matwi/OneDrive/Projects/repo/fish_passage_peace_2022_reporting/data/photos/MW/TimePhoto_20220815_155858.JPG",2022-08-15 15:58:58,-122.461449019611,54.7576479893178
"TimePhoto_20220815_160239.JPG","C:/Users/matwi/OneDrive/Projects/repo/fish_passage_peace_2022_reporting/data/photos/MW/TimePhoto_20220815_160239.JPG",2022-08-15 16:02:38,-122.461136039346,54.7578739654273
"TimePhoto_20220815_165335.JPG","C:/Users/matwi/OneDrive/Projects/repo/fish_passage_peace_2022_reporting/data/photos/MW/TimePhoto_20220815_165335.JPG",2022-08-15 16:53:35,-122.458244031295,54.7597159724683
"TimePhoto_20220815_171431.JPG","C:/Users/matwi/OneDrive/Projects/repo/fish_passage_peace_2022_reporting/data/photos/MW/TimePhoto_20220815_171431.JPG",2022-08-15 17:14:31,-122.462401958182,54.7556609753519
"TimePhoto_20220815_171436.JPG","C:/Users/matwi/OneDrive/Projects/repo/fish_passage_peace_2022_reporting/data/photos/MW/TimePhoto_20220815_171436.JPG",2022-08-15 17:14:36,-122.462401958182,54.7556609753519
"TimePhoto_20220815_172110.JPG","C:/Users/matwi/OneDrive/Projects/repo/fish_passage_peace_2022_reporting/data/photos/MW/TimePhoto_20220815_172110.JPG",2022-08-15 17:21:10,-122.461974984035,54.7548070270568
"TimePhoto_20220815_172522.JPG","C:/Users/matwi/OneDrive/Projects/repo/fish_passage_peace_2022_reporting/data/photos/MW/TimePhoto_20220815_172522.JPG",2022-08-15 17:25:22,-122.461799969897,54.754604017362
"TimePhoto_20220816_112000.JPG","C:/Users/matwi/OneDrive/Projects/repo/fish_passage_peace_2022_reporting/data/photos/MW/TimePhoto_20220816_112000.JPG",2022-08-16 11:20:00,-121.803291002288,54.485649028793
"TimePhoto_20220816_112632.JPG","C:/Users/matwi/OneDrive/Projects/repo/fish_passage_peace_2022_reporting/data/photos/MW/TimePhoto_20220816_112632.JPG",2022-08-16 11:26:32,-121.80303200148,54.4854549877346
"TimePhoto_20220816_112805.JPG","C:/Users/matwi/OneDrive/Projects/repo/fish_passage_peace_2022_reporting/data/photos/MW/TimePhoto_20220816_112805.JPG",2022-08-16 11:28:05,-121.803047005087,54.4855160079896
"TimePhoto_20220816_112821.JPG","C:/Users/matwi/OneDrive/Projects/repo/fish_passage_peace_2022_reporting/data/photos/MW/TimePhoto_20220816_112821.JPG",2022-08-16 11:28:21,-121.803054967895,54.4855160079896
"TimePhoto_20220816_114523.JPG","C:/Users/matwi/OneDrive/Projects/repo/fish_passage_peace_2022_reporting/data/photos/MW/TimePhoto_20220816_114523.JPG",2022-08-16 11:45:23,-121.80353499949,54.4856340251863
"TimePhoto_20220816_114554.JPG","C:/Users/matwi/OneDrive/Projects/repo/fish_passage_peace_2022_reporting/data/photos/MW/TimePhoto_20220816_114554.JPG",2022-08-16 11:45:54,-121.803551008925,54.4856379646808
"TimePhoto_20220817_111332.JPG","C:/Users/matwi/OneDrive/Projects/repo/fish_passage_peace_2022_reporting/data/photos/MW/TimePhoto_20220817_111332.JPG",2022-08-17 11:13:32,-122.020332003012,54.598652003333
"TimePhoto_20220817_111348.JPG","C:/Users/matwi/OneDrive/Projects/repo/fish_passage_peace_2022_reporting/data/photos/MW/TimePhoto_20220817_111348.JPG",2022-08-17 11:13:48,-122.020332003012,54.598652003333
"TimePhoto_20220817_112153.JPG","C:/Users/matwi/OneDrive/Projects/repo/fish_passage_peace_2022_reporting/data/photos/MW/TimePhoto_20220817_112153.JPG",2022-08-17 11:21:53,-122.020369973034,54.5986140333116
"TimePhoto_20220817_112355.JPG","C:/Users/matwi/OneDrive/Projects/repo/fish_passage_peace_2022_reporting/data/photos/MW/TimePhoto_20220817_112355.JPG",2022-08-17 11:23:55,-122.020453959703,54.5984650030732
"TimePhoto_20220817_113001.JPG","C:/Users/matwi/OneDrive/Projects/repo/fish_passage_peace_2022_reporting/data/photos/MW/TimePhoto_20220817_113001.JPG",2022-08-17 11:30:01,-122.020369973034,54.5986860338598
"TimePhoto_20220817_113351.JPG","C:/Users/matwi/OneDrive/Projects/repo/fish_passage_peace_2022_reporting/data/photos/MW/TimePhoto_20220817_113351.JPG",2022-08-17 11:33:51,-122.020484972745,54.5988690108061
"TimePhoto_20220817_113511.JPG","C:/Users/matwi/OneDrive/Projects/repo/fish_passage_peace_2022_reporting/data/photos/MW/TimePhoto_20220817_113511.JPG",2022-08-17 11:35:11,-122.020514979959,54.5989690069109
"TimePhoto_20220817_134732.JPG","C:/Users/matwi/OneDrive/Projects/repo/fish_passage_peace_2022_reporting/data/photos/MW/TimePhoto_20220817_134732.JPG",2022-08-17 13:47:32,-121.837433008477,54.6010669972748
"TimePhoto_20220817_134738.JPG","C:/Users/matwi/OneDrive/Projects/repo/fish_passage_peace_2022_reporting/data/photos/MW/TimePhoto_20220817_134738.JPG",2022-08-17 13:47:38,-121.837433008477,54.6010669972748
"TimePhoto_20220817_134752.JPG","C:/Users/matwi/OneDrive/Projects/repo/fish_passage_peace_2022_reporting/data/photos/MW/TimePhoto_20220817_134752.JPG",2022-08-17 13:47:52,-121.837433008477,54.6010669972748
"TimePhoto_20220817_134759.JPG","C:/Users/matwi/OneDrive/Projects/repo/fish_passage_peace_2022_reporting/data/photos/MW/TimePhoto_20220817_134759.JPG",2022-08-17 13:47:59,-121.837439965457,54.6010700147599
"TimePhoto_20220817_135059.JPG","C:/Users/matwi/OneDrive/Projects/repo/fish_passage_peace_2022_reporting/data/photos/MW/TimePhoto_20220817_135059.JPG",2022-08-17 13:50:59,-121.837433008477,54.6010479703546
"TimePhoto_20220817_152508.JPG","C:/Users/matwi/OneDrive/Projects/repo/fish_passage_peace_2022_reporting/data/photos/MW/TimePhoto_20220817_152508.JPG",2022-08-17 15:25:08,-122.020477009937,54.5983810164034
"TimePhoto_20220817_152521.JPG","C:/Users/matwi/OneDrive/Projects/repo/fish_passage_peace_2022_reporting/data/photos/MW/TimePhoto_20220817_152521.JPG",2022-08-17 15:25:21,-122.020477009937,54.5983810164034
"TimePhoto_20220817_153134.JPG","C:/Users/matwi/OneDrive/Projects/repo/fish_passage_peace_2022_reporting/data/photos/MW/TimePhoto_20220817_153134.JPG",2022-08-17 15:31:34,-122.020324962214,54.5980800222605
"TimePhoto_20220817_155047.JPG","C:/Users/matwi/OneDrive/Projects/repo/fish_passage_peace_2022_reporting/data/photos/MW/TimePhoto_20220817_155047.JPG",2022-08-17 15:50:47,-122.018867013976,54.5977900084108
"TimePhoto_20220817_155100.JPG","C:/Users/matwi/OneDrive/Projects/repo/fish_passage_peace_2022_reporting/data/photos/MW/TimePhoto_20220817_155100.JPG",2022-08-17 15:51:00,-122.018867013976,54.5977859850973
"TimePhoto_20220817_155909.JPG","C:/Users/matwi/OneDrive/Projects/repo/fish_passage_peace_2022_reporting/data/photos/MW/TimePhoto_20220817_155909.JPG",2022-08-17 15:59:09,-122.018379019573,54.5976070314646
"TimePhoto_20220817_160604.JPG","C:/Users/matwi/OneDrive/Projects/repo/fish_passage_peace_2022_reporting/data/photos/MW/TimePhoto_20220817_160604.JPG",2022-08-17 16:06:04,-122.017539991066,54.5973659679294
"TimePhoto_20220817_163022.JPG","C:/Users/matwi/OneDrive/Projects/repo/fish_passage_peace_2022_reporting/data/photos/MW/TimePhoto_20220817_163022.JPG",2022-08-17 16:30:22,-122.017074963078,54.5973239745945
"TimePhoto_20220818_114545.JPG","C:/Users/matwi/OneDrive/Projects/repo/fish_passage_peace_2022_reporting/data/photos/MW/TimePhoto_20220818_114545.JPG",2022-08-18 11:45:45,-121.803390998393,54.4858699757606
"IMG_8571.JPG","C:/Users/matwi/OneDrive/Projects/repo/fish_passage_peace_2022_reporting/data/photos/AI/IMG_8571.JPG",2022-08-13 06:47:18,-117.278922222222,49.4967388888889
"IMG_8573.JPG","C:/Users/matwi/OneDrive/Projects/repo/fish_passage_peace_2022_reporting/data/photos/AI/IMG_8573.JPG",2022-08-13 16:45:13,-117.22165,52.2201361111111
"IMG_8574.JPG","C:/Users/matwi/OneDrive/Projects/repo/fish_passage_peace_2022_reporting/data/photos/AI/IMG_8574.JPG",2022-08-13 16:45:14,-117.2219,52.2200861111111
"IMG_8575.JPG","C:/Users/matwi/OneDrive/Projects/repo/fish_passage_peace_2022_reporting/data/photos/AI/IMG_8575.JPG",2022-08-13 18:33:53,-119.269486111111,52.8350416666667
"IMG_8576.JPG","C:/Users/matwi/OneDrive/Projects/repo/fish_passage_peace_2022_reporting/data/photos/AI/IMG_8576.JPG",2022-08-13 18:34:12,-119.269486111111,52.8350111111111
"IMG_8577.JPG","C:/Users/matwi/OneDrive/Projects/repo/fish_passage_peace_2022_reporting/data/photos/AI/IMG_8577.JPG",2022-08-13 18:34:54,-119.269088888889,52.8348361111111
"IMG_8578.JPG","C:/Users/matwi/OneDrive/Projects/repo/fish_passage_peace_2022_reporting/data/photos/AI/IMG_8578.JPG",2022-08-13 18:35:13,-119.269133333333,52.8346888888889
"IMG_8579.JPG","C:/Users/matwi/OneDrive/Projects/repo/fish_passage_peace_2022_reporting/data/photos/AI/IMG_8579.JPG",2022-08-13 18:35:46,-119.269127777778,52.8347083333333
"IMG_8580.JPG","C:/Users/matwi/OneDrive/Projects/repo/fish_passage_peace_2022_reporting/data/photos/AI/IMG_8580.JPG",2022-08-13 18:35:31,-119.269119444444,52.8347138888889
"IMG_8581.JPG","C:/Users/matwi/OneDrive/Projects/repo/fish_passage_peace_2022_reporting/data/photos/AI/IMG_8581.JPG",2022-08-13 18:40:28,-119.269202777778,52.8343472222222
"IMG_8582.JPG","C:/Users/matwi/OneDrive/Projects/repo/fish_passage_peace_2022_reporting/data/photos/AI/IMG_8582.JPG",2022-08-14 11:20:03,-122.471313888889,54.8313333333333
"IMG_8583.JPG","C:/Users/matwi/OneDrive/Projects/repo/fish_passage_peace_2022_reporting/data/photos/AI/IMG_8583.JPG",2022-08-14 11:24:58,-122.470838888889,54.8314138888889
"IMG_8584.JPG","C:/Users/matwi/OneDrive/Projects/repo/fish_passage_peace_2022_reporting/data/photos/AI/IMG_8584.JPG",2022-08-14 11:25:42,-122.470819444444,54.8315111111111
"IMG_8585.JPG","C:/Users/matwi/OneDrive/Projects/repo/fish_passage_peace_2022_reporting/data/photos/AI/IMG_8585.JPG",2022-08-14 11:31:14,-122.470963888889,54.8314027777778
"IMG_8586.JPG","C:/Users/matwi/OneDrive/Projects/repo/fish_passage_peace_2022_reporting/data/photos/AI/IMG_8586.JPG",2022-08-14 11:31:22,-122.470963888889,54.8314027777778
"IMG_8587.JPG","C:/Users/matwi/OneDrive/Projects/repo/fish_passage_peace_2022_reporting/data/photos/AI/IMG_8587.JPG",2022-08-14 11:42:13,-122.471,54.8313055555556
"IMG_8588.JPG","C:/Users/matwi/OneDrive/Projects/repo/fish_passage_peace_2022_reporting/data/photos/AI/IMG_8588.JPG",2022-08-14 11:42:24,-122.471,54.8313055555556
"IMG_8589.JPG","C:/Users/matwi/OneDrive/Projects/repo/fish_passage_peace_2022_reporting/data/photos/AI/IMG_8589.JPG",2022-08-14 12:15:32,-122.471197222222,54.8309333333333
"IMG_8590.JPG","C:/Users/matwi/OneDrive/Projects/repo/fish_passage_peace_2022_reporting/data/photos/AI/IMG_8590.JPG",2022-08-14 12:16:07,-122.471197222222,54.8309333333333
"IMG_8591.JPG","C:/Users/matwi/OneDrive/Projects/repo/fish_passage_peace_2022_reporting/data/photos/AI/IMG_8591.JPG",2022-08-14 12:20:34,-122.471183333333,54.8309138888889
"IMG_8592.JPG","C:/Users/matwi/OneDrive/Projects/repo/fish_passage_peace_2022_reporting/data/photos/AI/IMG_8592.JPG",2022-08-14 12:20:55,-122.471183333333,54.8309138888889
"IMG_8594.JPG","C:/Users/matwi/OneDrive/Projects/repo/fish_passage_peace_2022_reporting/data/photos/AI/IMG_8594.JPG",2022-08-14 12:47:37,-122.471747222222,54.8302416666667
"IMG_8595.JPG","C:/Users/matwi/OneDrive/Projects/repo/fish_passage_peace_2022_reporting/data/photos/AI/IMG_8595.JPG",2022-08-14 13:07:39,-122.472161111111,54.8299305555556
"IMG_8597.JPG","C:/Users/matwi/OneDrive/Projects/repo/fish_passage_peace_2022_reporting/data/photos/AI/IMG_8597.JPG",2022-08-14 14:07:05,-122.473183333333,54.8273694444444
"IMG_8598.JPG","C:/Users/matwi/OneDrive/Projects/repo/fish_passage_peace_2022_reporting/data/photos/AI/IMG_8598.JPG",2022-08-14 14:41:06,-122.470863888889,54.8314694444444
"IMG_8599.JPG","C:/Users/matwi/OneDrive/Projects/repo/fish_passage_peace_2022_reporting/data/photos/AI/IMG_8599.JPG",2022-08-14 14:44:28,-122.47065,54.8316805555556
"IMG_8600.JPG","C:/Users/matwi/OneDrive/Projects/repo/fish_passage_peace_2022_reporting/data/photos/AI/IMG_8600.JPG",2022-08-14 14:56:31,-122.470322222222,54.8328222222222
"IMG_8601.JPG","C:/Users/matwi/OneDrive/Projects/repo/fish_passage_peace_2022_reporting/data/photos/AI/IMG_8601.JPG",2022-08-14 15:59:48,-122.429152777778,54.8331333333333
"IMG_8602.JPG","C:/Users/matwi/OneDrive/Projects/repo/fish_passage_peace_2022_reporting/data/photos/AI/IMG_8602.JPG",2022-08-14 16:00:42,-122.428947222222,54.8330138888889
"IMG_8603.JPG","C:/Users/matwi/OneDrive/Projects/repo/fish_passage_peace_2022_reporting/data/photos/AI/IMG_8603.JPG",2022-08-14 16:01:11,-122.428947222222,54.8330138888889
"IMG_8604.JPG","C:/Users/matwi/OneDrive/Projects/repo/fish_passage_peace_2022_reporting/data/photos/AI/IMG_8604.JPG",2022-08-14 16:01:15,-122.428947222222,54.8330138888889
"IMG_8605.JPG","C:/Users/matwi/OneDrive/Projects/repo/fish_passage_peace_2022_reporting/data/photos/AI/IMG_8605.JPG",2022-08-14 16:03:40,-122.429016666667,54.83305
"IMG_8606.JPG","C:/Users/matwi/OneDrive/Projects/repo/fish_passage_peace_2022_reporting/data/photos/AI/IMG_8606.JPG",2022-08-14 16:09:26,-122.429047222222,54.8331333333333
"IMG_8607.JPG","C:/Users/matwi/OneDrive/Projects/repo/fish_passage_peace_2022_reporting/data/photos/AI/IMG_8607.JPG",2022-08-14 16:09:35,-122.429047222222,54.8331333333333
"IMG_8608.JPG","C:/Users/matwi/OneDrive/Projects/repo/fish_passage_peace_2022_reporting/data/photos/AI/IMG_8608.JPG",2022-08-14 16:09:42,-122.429047222222,54.8331333333333
"IMG_8609.JPG","C:/Users/matwi/OneDrive/Projects/repo/fish_passage_peace_2022_reporting/data/photos/AI/IMG_8609.JPG",2022-08-14 16:22:51,-122.4292,54.8329666666667
"IMG_8610.JPG","C:/Users/matwi/OneDrive/Projects/repo/fish_passage_peace_2022_reporting/data/photos/AI/IMG_8610.JPG",2022-08-14 16:39:12,-122.421630555556,54.8254388888889
"IMG_8611.JPG","C:/Users/matwi/OneDrive/Projects/repo/fish_passage_peace_2022_reporting/data/photos/AI/IMG_8611.JPG",2022-08-14 16:39:25,-122.421630555556,54.8254388888889
"IMG_8612.JPG","C:/Users/matwi/OneDrive/Projects/repo/fish_passage_peace_2022_reporting/data/photos/AI/IMG_8612.JPG",2022-08-14 16:39:37,-122.421522222222,54.8253694444444
"IMG_8613.JPG","C:/Users/matwi/OneDrive/Projects/repo/fish_passage_peace_2022_reporting/data/photos/AI/IMG_8613.JPG",2022-08-14 16:39:56,-122.421522222222,54.8253694444444
"IMG_8614.JPG","C:/Users/matwi/OneDrive/Projects/repo/fish_passage_peace_2022_reporting/data/photos/AI/IMG_8614.JPG",2022-08-14 16:40:12,-122.421522222222,54.8253694444444
"IMG_8615.JPG","C:/Users/matwi/OneDrive/Projects/repo/fish_passage_peace_2022_reporting/data/photos/AI/IMG_8615.JPG",2022-08-14 16:40:28,-122.421522222222,54.8253694444444
"IMG_8616.JPG","C:/Users/matwi/OneDrive/Projects/repo/fish_passage_peace_2022_reporting/data/photos/AI/IMG_8616.JPG",2022-08-14 17:03:16,-122.489402777778,54.7990055555556
"IMG_8617.JPG","C:/Users/matwi/OneDrive/Projects/repo/fish_passage_peace_2022_reporting/data/photos/AI/IMG_8617.JPG",2022-08-14 17:03:56,-122.489402777778,54.7990055555556
"IMG_8618.JPG","C:/Users/matwi/OneDrive/Projects/repo/fish_passage_peace_2022_reporting/data/photos/AI/IMG_8618.JPG",2022-08-14 17:04:17,-122.489402777778,54.7990055555556
"IMG_8619.JPG","C:/Users/matwi/OneDrive/Projects/repo/fish_passage_peace_2022_reporting/data/photos/AI/IMG_8619.JPG",2022-08-14 17:04:36,-122.489402777778,54.7990055555556
"IMG_8620.JPG","C:/Users/matwi/OneDrive/Projects/repo/fish_passage_peace_2022_reporting/data/photos/AI/IMG_8620.JPG",2022-08-14 17:04:59,-122.489402777778,54.7990055555556
"IMG_8621.JPG","C:/Users/matwi/OneDrive/Projects/repo/fish_passage_peace_2022_reporting/data/photos/AI/IMG_8621.JPG",2022-08-14 17:05:14,-122.489402777778,54.7990055555556
"IMG_8622.JPG","C:/Users/matwi/OneDrive/Projects/repo/fish_passage_peace_2022_reporting/data/photos/AI/IMG_8622.JPG",2022-08-15 07:46:33,-122.813994444444,54.0454888888889
"IMG_8623.JPG","C:/Users/matwi/OneDrive/Projects/repo/fish_passage_peace_2022_reporting/data/photos/AI/IMG_8623.JPG",2022-08-15 07:47:08,-122.81395,54.045475
"IMG_8624.JPG","C:/Users/matwi/OneDrive/Projects/repo/fish_passage_peace_2022_reporting/data/photos/AI/IMG_8624.JPG",2022-08-15 07:48:34,-122.813933333333,54.0454833333333
"IMG_8625.JPG","C:/Users/matwi/OneDrive/Projects/repo/fish_passage_peace_2022_reporting/data/photos/AI/IMG_8625.JPG",2022-08-15 07:48:36,-122.813927777778,54.0454833333333
"IMG_8626.JPG","C:/Users/matwi/OneDrive/Projects/repo/fish_passage_peace_2022_reporting/data/photos/AI/IMG_8626.JPG",2022-08-15 07:47:56,-122.813880555556,54.0455138888889
"IMG_8627.JPG","C:/Users/matwi/OneDrive/Projects/repo/fish_passage_peace_2022_reporting/data/photos/AI/IMG_8627.JPG",2022-08-15 07:48:08,-122.813941666667,54.0454888888889
"IMG_8628.JPG","C:/Users/matwi/OneDrive/Projects/repo/fish_passage_peace_2022_reporting/data/photos/AI/IMG_8628.JPG",2022-08-15 07:48:12,-122.813963888889,54.0455055555556
"IMG_8629.JPG","C:/Users/matwi/OneDrive/Projects/repo/fish_passage_peace_2022_reporting/data/photos/AI/IMG_8629.JPG",2022-08-15 07:48:39,-122.813941666667,54.0455055555556
"IMG_8630.JPG","C:/Users/matwi/OneDrive/Projects/repo/fish_passage_peace_2022_reporting/data/photos/AI/IMG_8630.JPG",2022-08-15 07:48:25,-122.813927777778,54.0454944444444
"IMG_8631.JPG","C:/Users/matwi/OneDrive/Projects/repo/fish_passage_peace_2022_reporting/data/photos/AI/IMG_8631.JPG",2022-08-15 10:26:08,-122.693558333333,54.7569277777778
"IMG_8632.JPG","C:/Users/matwi/OneDrive/Projects/repo/fish_passage_peace_2022_reporting/data/photos/AI/IMG_8632.JPG",2022-08-15 10:26:31,-122.693558333333,54.7569277777778
"IMG_8633.JPG","C:/Users/matwi/OneDrive/Projects/repo/fish_passage_peace_2022_reporting/data/photos/AI/IMG_8633.JPG",2022-08-15 10:26:39,-122.693558333333,54.7569277777778
"IMG_8634.JPG","C:/Users/matwi/OneDrive/Projects/repo/fish_passage_peace_2022_reporting/data/photos/AI/IMG_8634.JPG",2022-08-15 10:26:55,-122.693558333333,54.7569277777778
"IMG_8635.JPG","C:/Users/matwi/OneDrive/Projects/repo/fish_passage_peace_2022_reporting/data/photos/AI/IMG_8635.JPG",2022-08-15 10:27:10,-122.693558333333,54.7569277777778
"IMG_8636.JPG","C:/Users/matwi/OneDrive/Projects/repo/fish_passage_peace_2022_reporting/data/photos/AI/IMG_8636.JPG",2022-08-15 10:27:30,-122.693558333333,54.7569277777778
"IMG_8637.JPG","C:/Users/matwi/OneDrive/Projects/repo/fish_passage_peace_2022_reporting/data/photos/AI/IMG_8637.JPG",2022-08-15 13:17:21,-122.226936111111,54.7303027777778
"IMG_8639.JPG","C:/Users/matwi/OneDrive/Projects/repo/fish_passage_peace_2022_reporting/data/photos/AI/IMG_8639.JPG",2022-08-15 14:43:02,-122.462547222222,54.7559305555556
"IMG_8640.JPG","C:/Users/matwi/OneDrive/Projects/repo/fish_passage_peace_2022_reporting/data/photos/AI/IMG_8640.JPG",2022-08-15 14:43:07,-122.462547222222,54.7559305555556
"IMG_8641.JPG","C:/Users/matwi/OneDrive/Projects/repo/fish_passage_peace_2022_reporting/data/photos/AI/IMG_8641.JPG",2022-08-15 14:43:37,-122.462547222222,54.7559305555556
"IMG_8642.JPG","C:/Users/matwi/OneDrive/Projects/repo/fish_passage_peace_2022_reporting/data/photos/AI/IMG_8642.JPG",2022-08-15 14:45:17,-122.462569444444,54.7558805555556
"IMG_8643.JPG","C:/Users/matwi/OneDrive/Projects/repo/fish_passage_peace_2022_reporting/data/photos/AI/IMG_8643.JPG",2022-08-15 14:45:28,-122.462569444444,54.7558805555556
"IMG_8644.JPG","C:/Users/matwi/OneDrive/Projects/repo/fish_passage_peace_2022_reporting/data/photos/AI/IMG_8644.JPG",2022-08-15 14:48:42,-122.462255555556,54.7558944444444
"IMG_8645.JPG","C:/Users/matwi/OneDrive/Projects/repo/fish_passage_peace_2022_reporting/data/photos/AI/IMG_8645.JPG",2022-08-15 15:35:19,-122.461786111111,54.7555861111111
"IMG_8646.JPG","C:/Users/matwi/OneDrive/Projects/repo/fish_passage_peace_2022_reporting/data/photos/AI/IMG_8646.JPG",2022-08-15 15:45:18,-122.461936111111,54.7564222222222
"IMG_8647.JPG","C:/Users/matwi/OneDrive/Projects/repo/fish_passage_peace_2022_reporting/data/photos/AI/IMG_8647.JPG",2022-08-15 15:45:24,-122.461936111111,54.7564222222222
"IMG_8648.JPG","C:/Users/matwi/OneDrive/Projects/repo/fish_passage_peace_2022_reporting/data/photos/AI/IMG_8648.JPG",2022-08-15 15:52:37,-122.461936111111,54.7564222222222
"IMG_8649.JPG","C:/Users/matwi/OneDrive/Projects/repo/fish_passage_peace_2022_reporting/data/photos/AI/IMG_8649.JPG",2022-08-15 15:57:45,-122.461661111111,54.7571222222222
"IMG_8650.JPG","C:/Users/matwi/OneDrive/Projects/repo/fish_passage_peace_2022_reporting/data/photos/AI/IMG_8650.JPG",2022-08-15 16:01:00,-122.461433333333,54.7574777777778
"IMG_8651.JPG","C:/Users/matwi/OneDrive/Projects/repo/fish_passage_peace_2022_reporting/data/photos/AI/IMG_8651.JPG",2022-08-15 16:03:48,-122.461433333333,54.7574777777778
"IMG_8652.JPG","C:/Users/matwi/OneDrive/Projects/repo/fish_passage_peace_2022_reporting/data/photos/AI/IMG_8652.JPG",2022-08-15 16:09:49,-122.461433333333,54.7574777777778
"IMG_8653.JPG","C:/Users/matwi/OneDrive/Projects/repo/fish_passage_peace_2022_reporting/data/photos/AI/IMG_8653.JPG",2022-08-15 16:12:29,-122.461433333333,54.7574777777778
"IMG_8654.JPG","C:/Users/matwi/OneDrive/Projects/repo/fish_passage_peace_2022_reporting/data/photos/AI/IMG_8654.JPG",2022-08-15 16:12:42,-122.706833333333,54.5913166666667
"IMG_8655.JPG","C:/Users/matwi/OneDrive/Projects/repo/fish_passage_peace_2022_reporting/data/photos/AI/IMG_8655.JPG",2022-08-15 16:17:05,-122.461433333333,54.7574777777778
"IMG_8656.JPG","C:/Users/matwi/OneDrive/Projects/repo/fish_passage_peace_2022_reporting/data/photos/AI/IMG_8656.JPG",2022-08-15 16:21:29,-122.461433333333,54.7574777777778
"IMG_8657.JPG","C:/Users/matwi/OneDrive/Projects/repo/fish_passage_peace_2022_reporting/data/photos/AI/IMG_8657.JPG",2022-08-15 16:53:57,-122.469330555556,54.7521805555556
"IMG_8658.JPG","C:/Users/matwi/OneDrive/Projects/repo/fish_passage_peace_2022_reporting/data/photos/AI/IMG_8658.JPG",2022-08-15 17:04:08,-122.456619444444,54.7602861111111
"IMG_8659.JPG","C:/Users/matwi/OneDrive/Projects/repo/fish_passage_peace_2022_reporting/data/photos/AI/IMG_8659.JPG",2022-08-15 17:04:19,-122.45655,54.7603694444444
"IMG_8660.JPG","C:/Users/matwi/OneDrive/Projects/repo/fish_passage_peace_2022_reporting/data/photos/AI/IMG_8660.JPG",2022-08-15 17:04:25,-122.45655,54.7603694444444
"IMG_8661.JPG","C:/Users/matwi/OneDrive/Projects/repo/fish_passage_peace_2022_reporting/data/photos/AI/IMG_8661.JPG",2022-08-15 17:04:34,-122.45655,54.7603694444444
"IMG_8662.JPG","C:/Users/matwi/OneDrive/Projects/repo/fish_passage_peace_2022_reporting/data/photos/AI/IMG_8662.JPG",2022-08-15 17:04:36,-122.45655,54.7603694444444
"IMG_8663.JPG","C:/Users/matwi/OneDrive/Projects/repo/fish_passage_peace_2022_reporting/data/photos/AI/IMG_8663.JPG",2022-08-15 17:04:40,-122.45655,54.7603694444444
"IMG_8665.JPG","C:/Users/matwi/OneDrive/Projects/repo/fish_passage_peace_2022_reporting/data/photos/AI/IMG_8665.JPG",2022-08-15 17:25:05,-122.461997222222,54.7538972222222
"IMG_8666.JPG","C:/Users/matwi/OneDrive/Projects/repo/fish_passage_peace_2022_reporting/data/photos/AI/IMG_8666.JPG",2022-08-15 17:27:50,-122.462119444444,54.7539833333333
"IMG_8667.JPG","C:/Users/matwi/OneDrive/Projects/repo/fish_passage_peace_2022_reporting/data/photos/AI/IMG_8667.JPG",2022-08-15 17:28:02,-122.462119444444,54.7539833333333
"IMG_8668.JPG","C:/Users/matwi/OneDrive/Projects/repo/fish_passage_peace_2022_reporting/data/photos/AI/IMG_8668.JPG",2022-08-15 17:33:14,-122.461563888889,54.7542972222222
"IMG_8669.JPG","C:/Users/matwi/OneDrive/Projects/repo/fish_passage_peace_2022_reporting/data/photos/AI/IMG_8669.JPG",2022-08-15 17:33:18,-122.461563888889,54.7542972222222
"IMG_8670.JPG","C:/Users/matwi/OneDrive/Projects/repo/fish_passage_peace_2022_reporting/data/photos/AI/IMG_8670.JPG",2022-08-15 17:33:23,-122.461563888889,54.7542972222222
"IMG_8671.JPG","C:/Users/matwi/OneDrive/Projects/repo/fish_passage_peace_2022_reporting/data/photos/AI/IMG_8671.JPG",2022-08-15 17:33:36,-122.461686111111,54.7543194444444
"IMG_8680.JPG","C:/Users/matwi/OneDrive/Projects/repo/fish_passage_peace_2022_reporting/data/photos/AI/IMG_8680.JPG",2022-08-15 19:37:06,-122.813613888889,54.0455138888889
"IMG_8681.JPG","C:/Users/matwi/OneDrive/Projects/repo/fish_passage_peace_2022_reporting/data/photos/AI/IMG_8681.JPG",2022-08-15 19:37:54,-122.813705555556,54.0454944444444
"IMG_8682.JPG","C:/Users/matwi/OneDrive/Projects/repo/fish_passage_peace_2022_reporting/data/photos/AI/IMG_8682.JPG",2022-08-15 19:38:10,-122.81385,54.0454861111111
"IMG_8683.JPG","C:/Users/matwi/OneDrive/Projects/repo/fish_passage_peace_2022_reporting/data/photos/AI/IMG_8683.JPG",2022-08-15 19:38:16,-122.813872222222,54.0455138888889
"IMG_8684.JPG","C:/Users/matwi/OneDrive/Projects/repo/fish_passage_peace_2022_reporting/data/photos/AI/IMG_8684.JPG",2022-08-15 19:38:31,-122.813780555556,54.0455138888889
"IMG_8685.JPG","C:/Users/matwi/OneDrive/Projects/repo/fish_passage_peace_2022_reporting/data/photos/AI/IMG_8685.JPG",2022-08-15 19:38:35,-122.813819444444,54.045525
"IMG_8690.JPG","C:/Users/matwi/OneDrive/Projects/repo/fish_passage_peace_2022_reporting/data/photos/AI/IMG_8690.JPG",2022-08-16 13:09:44,-122.073180555556,54.5654
"IMG_8691.JPG","C:/Users/matwi/OneDrive/Projects/repo/fish_passage_peace_2022_reporting/data/photos/AI/IMG_8691.JPG",2022-08-16 13:10:04,-122.073022222222,54.5654055555556
"IMG_8692.JPG","C:/Users/matwi/OneDrive/Projects/repo/fish_passage_peace_2022_reporting/data/photos/AI/IMG_8692.JPG",2022-08-16 13:10:22,-122.073022222222,54.5654055555556
"IMG_8693.JPG","C:/Users/matwi/OneDrive/Projects/repo/fish_passage_peace_2022_reporting/data/photos/AI/IMG_8693.JPG",2022-08-16 13:10:26,-122.073022222222,54.5654055555556
"IMG_8694.JPG","C:/Users/matwi/OneDrive/Projects/repo/fish_passage_peace_2022_reporting/data/photos/AI/IMG_8694.JPG",2022-08-16 13:12:47,-122.072869444444,54.5654305555556
"IMG_8695.JPG","C:/Users/matwi/OneDrive/Projects/repo/fish_passage_peace_2022_reporting/data/photos/AI/IMG_8695.JPG",2022-08-16 13:13:33,-122.072594444444,54.5655777777778
"IMG_8698.JPG","C:/Users/matwi/OneDrive/Projects/repo/fish_passage_peace_2022_reporting/data/photos/AI/IMG_8698.JPG",2022-08-16 14:46:04,-121.911377777778,54.6181138888889
"IMG_8699.JPG","C:/Users/matwi/OneDrive/Projects/repo/fish_passage_peace_2022_reporting/data/photos/AI/IMG_8699.JPG",2022-08-16 14:46:17,-121.911247222222,54.6180638888889
"IMG_8700.JPG","C:/Users/matwi/OneDrive/Projects/repo/fish_passage_peace_2022_reporting/data/photos/AI/IMG_8700.JPG",2022-08-16 14:46:28,-121.911247222222,54.6180638888889
"IMG_8701.JPG","C:/Users/matwi/OneDrive/Projects/repo/fish_passage_peace_2022_reporting/data/photos/AI/IMG_8701.JPG",2022-08-16 14:47:57,-121.911072222222,54.6180027777778
"IMG_8702.JPG","C:/Users/matwi/OneDrive/Projects/repo/fish_passage_peace_2022_reporting/data/photos/AI/IMG_8702.JPG",2022-08-16 14:48:13,-121.911072222222,54.6180027777778
"IMG_8703.JPG","C:/Users/matwi/OneDrive/Projects/repo/fish_passage_peace_2022_reporting/data/photos/AI/IMG_8703.JPG",2022-08-16 14:48:18,-121.911216666667,54.6180416666667
"IMG_8704.JPG","C:/Users/matwi/OneDrive/Projects/repo/fish_passage_peace_2022_reporting/data/photos/AI/IMG_8704.JPG",2022-08-16 14:48:44,-121.911080555556,54.6179694444444
"IMG_8705.JPG","C:/Users/matwi/OneDrive/Projects/repo/fish_passage_peace_2022_reporting/data/photos/AI/IMG_8705.JPG",2022-08-16 14:49:46,-121.911225,54.6180027777778
"IMG_8706.JPG","C:/Users/matwi/OneDrive/Projects/repo/fish_passage_peace_2022_reporting/data/photos/AI/IMG_8706.JPG",2022-08-16 14:50:58,-121.911155555556,54.618
"IMG_8707.JPG","C:/Users/matwi/OneDrive/Projects/repo/fish_passage_peace_2022_reporting/data/photos/AI/IMG_8707.JPG",2022-08-16 14:51:02,-121.911155555556,54.618
"IMG_8708.JPG","C:/Users/matwi/OneDrive/Projects/repo/fish_passage_peace_2022_reporting/data/photos/AI/IMG_8708.JPG",2022-08-16 14:51:41,-121.911225,54.6180194444444
"IMG_8709.JPG","C:/Users/matwi/OneDrive/Projects/repo/fish_passage_peace_2022_reporting/data/photos/AI/IMG_8709.JPG",2022-08-16 14:51:47,-121.911225,54.6180194444444
"IMG_8710.JPG","C:/Users/matwi/OneDrive/Projects/repo/fish_passage_peace_2022_reporting/data/photos/AI/IMG_8710.JPG",2022-08-16 14:53:08,-121.911352777778,54.6179694444444
"IMG_8711.JPG","C:/Users/matwi/OneDrive/Projects/repo/fish_passage_peace_2022_reporting/data/photos/AI/IMG_8711.JPG",2022-08-16 14:53:14,-121.911352777778,54.6179694444444
"IMG_8712.JPG","C:/Users/matwi/OneDrive/Projects/repo/fish_passage_peace_2022_reporting/data/photos/AI/IMG_8712.JPG",2022-08-16 14:53:21,-121.911352777778,54.6179694444444
"IMG_8713.JPG","C:/Users/matwi/OneDrive/Projects/repo/fish_passage_peace_2022_reporting/data/photos/AI/IMG_8713.JPG",2022-08-16 14:53:38,-121.911238888889,54.6179583333333
"IMG_8714.JPG","C:/Users/matwi/OneDrive/Projects/repo/fish_passage_peace_2022_reporting/data/photos/AI/IMG_8714.JPG",2022-08-16 14:53:43,-121.911238888889,54.6179583333333
"IMG_8715.JPG","C:/Users/matwi/OneDrive/Projects/repo/fish_passage_peace_2022_reporting/data/photos/AI/IMG_8715.JPG",2022-08-16 14:54:02,-121.911138888889,54.61805
"IMG_8716.JPG","C:/Users/matwi/OneDrive/Projects/repo/fish_passage_peace_2022_reporting/data/photos/AI/IMG_8716.JPG",2022-08-16 14:54:09,-121.911138888889,54.61805
"IMG_8717.JPG","C:/Users/matwi/OneDrive/Projects/repo/fish_passage_peace_2022_reporting/data/photos/AI/IMG_8717.JPG",2022-08-16 14:55:46,-121.911055555556,54.6179916666667
"IMG_8718.JPG","C:/Users/matwi/OneDrive/Projects/repo/fish_passage_peace_2022_reporting/data/photos/AI/IMG_8718.JPG",2022-08-16 14:55:49,-121.911055555556,54.6179916666667
"IMG_8719.JPG","C:/Users/matwi/OneDrive/Projects/repo/fish_passage_peace_2022_reporting/data/photos/AI/IMG_8719.JPG",2022-08-16 14:56:22,-121.911155555556,54.6180777777778
"IMG_8720.JPG","C:/Users/matwi/OneDrive/Projects/repo/fish_passage_peace_2022_reporting/data/photos/AI/IMG_8720.JPG",2022-08-16 14:56:41,-121.911155555556,54.6180777777778
"IMG_8721.JPG","C:/Users/matwi/OneDrive/Projects/repo/fish_passage_peace_2022_reporting/data/photos/AI/IMG_8721.JPG",2022-08-16 14:57:08,-121.911347222222,54.6180694444444
"IMG_8722.JPG","C:/Users/matwi/OneDrive/Projects/repo/fish_passage_peace_2022_reporting/data/photos/AI/IMG_8722.JPG",2022-08-16 15:52:39,-121.921066666667,54.6200472222222
"IMG_8723.JPG","C:/Users/matwi/OneDrive/Projects/repo/fish_passage_peace_2022_reporting/data/photos/AI/IMG_8723.JPG",2022-08-16 15:52:58,-121.921066666667,54.6200472222222
"IMG_8724.JPG","C:/Users/matwi/OneDrive/Projects/repo/fish_passage_peace_2022_reporting/data/photos/AI/IMG_8724.JPG",2022-08-16 16:31:29,-121.921288888889,54.619725
"IMG_8725.JPG","C:/Users/matwi/OneDrive/Projects/repo/fish_passage_peace_2022_reporting/data/photos/AI/IMG_8725.JPG",2022-08-17 07:52:22,-122.813622222222,54.0455083333333
"IMG_8727.JPG","C:/Users/matwi/OneDrive/Projects/repo/fish_passage_peace_2022_reporting/data/photos/AI/IMG_8727.JPG",2022-08-17 11:12:08,-122.020369444444,54.5986861111111
"IMG_8728.JPG","C:/Users/matwi/OneDrive/Projects/repo/fish_passage_peace_2022_reporting/data/photos/AI/IMG_8728.JPG",2022-08-17 11:13:57,-122.020538888889,54.5986027777778
"IMG_8729.JPG","C:/Users/matwi/OneDrive/Projects/repo/fish_passage_peace_2022_reporting/data/photos/AI/IMG_8729.JPG",2022-08-17 11:14:07,-122.020538888889,54.5986027777778
"IMG_8730.JPG","C:/Users/matwi/OneDrive/Projects/repo/fish_passage_peace_2022_reporting/data/photos/AI/IMG_8730.JPG",2022-08-17 11:27:39,-122.020141666667,54.5981138888889
"IMG_8731.JPG","C:/Users/matwi/OneDrive/Projects/repo/fish_passage_peace_2022_reporting/data/photos/AI/IMG_8731.JPG",2022-08-17 11:33:38,-122.0206,54.5990861111111
"IMG_8732.JPG","C:/Users/matwi/OneDrive/Projects/repo/fish_passage_peace_2022_reporting/data/photos/AI/IMG_8732.JPG",2022-08-17 11:36:29,-122.020972222222,54.5991638888889
"IMG_8733.JPG","C:/Users/matwi/OneDrive/Projects/repo/fish_passage_peace_2022_reporting/data/photos/AI/IMG_8733.JPG",2022-08-17 12:24:52,-121.911086111111,54.6181111111111
"IMG_8735.JPG","C:/Users/matwi/OneDrive/Projects/repo/fish_passage_peace_2022_reporting/data/photos/AI/IMG_8735.JPG",2022-08-17 15:23:13,-122.020827777778,54.5990944444444
"IMG_8736.JPG","C:/Users/matwi/OneDrive/Projects/repo/fish_passage_peace_2022_reporting/data/photos/AI/IMG_8736.JPG",2022-08-17 15:23:18,-122.020827777778,54.5990944444444
"IMG_8737.JPG","C:/Users/matwi/OneDrive/Projects/repo/fish_passage_peace_2022_reporting/data/photos/AI/IMG_8737.JPG",2022-08-17 15:26:36,-122.021325,54.5992611111111
"IMG_8738.JPG","C:/Users/matwi/OneDrive/Projects/repo/fish_passage_peace_2022_reporting/data/photos/AI/IMG_8738.JPG",2022-08-17 15:30:09,-122.021111111111,54.5992472222222
"IMG_8739.JPG","C:/Users/matwi/OneDrive/Projects/repo/fish_passage_peace_2022_reporting/data/photos/AI/IMG_8739.JPG",2022-08-17 15:31:26,-122.021386111111,54.5994833333333
"IMG_8740.JPG","C:/Users/matwi/OneDrive/Projects/repo/fish_passage_peace_2022_reporting/data/photos/AI/IMG_8740.JPG",2022-08-17 15:43:53,-122.022186111111,54.5994027777778
"IMG_8741.JPG","C:/Users/matwi/OneDrive/Projects/repo/fish_passage_peace_2022_reporting/data/photos/AI/IMG_8741.JPG",2022-08-17 15:58:22,-122.023558333333,54.5982583333333
"IMG_8742.JPG","C:/Users/matwi/OneDrive/Projects/repo/fish_passage_peace_2022_reporting/data/photos/AI/IMG_8742.JPG",2022-08-17 16:00:09,-122.023675,54.5988972222222
"IMG_8743.JPG","C:/Users/matwi/OneDrive/Projects/repo/fish_passage_peace_2022_reporting/data/photos/AI/IMG_8743.JPG",2022-08-17 16:14:50,-122.025688888889,54.5982555555556
"IMG_8744.JPG","C:/Users/matwi/OneDrive/Projects/repo/fish_passage_peace_2022_reporting/data/photos/AI/IMG_8744.JPG",2022-08-17 16:21:25,-122.027091666667,54.5986777777778
"IMG_8745.JPG","C:/Users/matwi/OneDrive/Projects/repo/fish_passage_peace_2022_reporting/data/photos/AI/IMG_8745.JPG",2022-08-17 16:40:16,-122.0298,54.5997388888889
"IMG_8746.JPG","C:/Users/matwi/OneDrive/Projects/repo/fish_passage_peace_2022_reporting/data/photos/AI/IMG_8746.JPG",2022-08-17 16:43:33,-122.029777777778,54.5996194444444
"IMG_8748.JPG","C:/Users/matwi/OneDrive/Projects/repo/fish_passage_peace_2022_reporting/data/photos/AI/IMG_8748.JPG",2022-08-18 07:52:24,-122.813544444444,54.04565
"IMG_8749.JPG","C:/Users/matwi/OneDrive/Projects/repo/fish_passage_peace_2022_reporting/data/photos/AI/IMG_8749.JPG",2022-08-18 07:52:37,-122.813575,54.0456611111111
"IMG_8750.JPG","C:/Users/matwi/OneDrive/Projects/repo/fish_passage_peace_2022_reporting/data/photos/AI/IMG_8750.JPG",2022-08-18 10:42:43,-121.803488888889,54.4857055555556
"IMG_8751.JPG","C:/Users/matwi/OneDrive/Projects/repo/fish_passage_peace_2022_reporting/data/photos/AI/IMG_8751.JPG",2022-08-18 10:42:53,-121.803383333333,54.4857777777778
"IMG_8752.JPG","C:/Users/matwi/OneDrive/Projects/repo/fish_passage_peace_2022_reporting/data/photos/AI/IMG_8752.JPG",2022-08-18 10:50:29,-121.803405555556,54.4857555555556
"IMG_8753.JPG","C:/Users/matwi/OneDrive/Projects/repo/fish_passage_peace_2022_reporting/data/photos/AI/IMG_8753.JPG",2022-08-18 11:09:25,-121.802972222222,54.4854916666667
"IMG_8754.JPG","C:/Users/matwi/OneDrive/Projects/repo/fish_passage_peace_2022_reporting/data/photos/AI/IMG_8754.JPG",2022-08-18 11:48:35,-121.80265,54.48555
"IMG_8755.JPG","C:/Users/matwi/OneDrive/Projects/repo/fish_passage_peace_2022_reporting/data/photos/AI/IMG_8755.JPG",2022-08-18 11:54:12,-121.802880555556,54.4855222222222
"IMG_8756.JPG","C:/Users/matwi/OneDrive/Projects/repo/fish_passage_peace_2022_reporting/data/photos/AI/IMG_8756.JPG",2022-08-18 11:54:17,-121.802811111111,54.48555
"IMG_8757.JPG","C:/Users/matwi/OneDrive/Projects/repo/fish_passage_peace_2022_reporting/data/photos/AI/IMG_8757.JPG",2022-08-18 11:58:57,-121.802847222222,54.4855944444444
"IMG_8758.JPG","C:/Users/matwi/OneDrive/Projects/repo/fish_passage_peace_2022_reporting/data/photos/AI/IMG_8758.JPG",2022-08-18 12:00:40,-121.802863888889,54.4854722222222
"IMG_8759.JPG","C:/Users/matwi/OneDrive/Projects/repo/fish_passage_peace_2022_reporting/data/photos/AI/IMG_8759.JPG",2022-08-18 12:08:49,-121.802863888889,54.4854722222222
"IMG_8760.JPG","C:/Users/matwi/OneDrive/Projects/repo/fish_passage_peace_2022_reporting/data/photos/AI/IMG_8760.JPG",2022-08-18 12:11:05,-121.802863888889,54.4854722222222
"IMG_8761.JPG","C:/Users/matwi/OneDrive/Projects/repo/fish_passage_peace_2022_reporting/data/photos/AI/IMG_8761.JPG",2022-08-18 12:38:56,-121.802925,54.4855638888889
"IMG_8762.JPG","C:/Users/matwi/OneDrive/Projects/repo/fish_passage_peace_2022_reporting/data/photos/AI/IMG_8762.JPG",2022-08-18 13:00:44,-121.802680555556,54.4854138888889
"IMG_8763.JPG","C:/Users/matwi/OneDrive/Projects/repo/fish_passage_peace_2022_reporting/data/photos/AI/IMG_8763.JPG",2022-08-18 13:04:27,-121.802680555556,54.4854138888889
"IMG_8764.JPG","C:/Users/matwi/OneDrive/Projects/repo/fish_passage_peace_2022_reporting/data/photos/AI/IMG_8764.JPG",2022-08-18 13:05:00,-121.802680555556,54.4854138888889
"IMG_8765.JPG","C:/Users/matwi/OneDrive/Projects/repo/fish_passage_peace_2022_reporting/data/photos/AI/IMG_8765.JPG",2022-08-18 13:08:12,-121.802391666667,54.485325
"IMG_8766.JPG","C:/Users/matwi/OneDrive/Projects/repo/fish_passage_peace_2022_reporting/data/photos/AI/IMG_8766.JPG",2022-08-18 13:08:50,-121.802644444444,54.4853861111111
"IMG_8767.JPG","C:/Users/matwi/OneDrive/Projects/repo/fish_passage_peace_2022_reporting/data/photos/AI/IMG_8767.JPG",2022-08-18 13:46:49,-121.802536111111,54.4853472222222
"IMG_8768.JPG","C:/Users/matwi/OneDrive/Projects/repo/fish_passage_peace_2022_reporting/data/photos/AI/IMG_8768.JPG",2022-08-18 13:46:55,-121.802536111111,54.4853472222222
"IMG_8769.JPG","C:/Users/matwi/OneDrive/Projects/repo/fish_passage_peace_2022_reporting/data/photos/AI/IMG_8769.JPG",2022-08-18 13:47:50,-121.802663888889,54.4852888888889
"IMG_8770.JPG","C:/Users/matwi/OneDrive/Projects/repo/fish_passage_peace_2022_reporting/data/photos/AI/IMG_8770.JPG",2022-08-18 14:07:21,-121.802938888889,54.4852333333333
"IMG_8771.JPG","C:/Users/matwi/OneDrive/Projects/repo/fish_passage_peace_2022_reporting/data/photos/AI/IMG_8771.JPG",2022-08-18 15:05:24,-121.804305555556,54.4858361111111
"IMG_8772.JPG","C:/Users/matwi/OneDrive/Projects/repo/fish_passage_peace_2022_reporting/data/photos/AI/IMG_8772.JPG",2022-08-18 15:05:32,-121.804305555556,54.4858361111111
"IMG_8773.JPG","C:/Users/matwi/OneDrive/Projects/repo/fish_passage_peace_2022_reporting/data/photos/AI/IMG_8773.JPG",2022-08-18 15:14:19,-121.804336111111,54.4858861111111
"IMG_8774.JPG","C:/Users/matwi/OneDrive/Projects/repo/fish_passage_peace_2022_reporting/data/photos/AI/IMG_8774.JPG",2022-08-18 15:51:20,-121.804213888889,54.485875
"IMG_8775.JPG","C:/Users/matwi/OneDrive/Projects/repo/fish_passage_peace_2022_reporting/data/photos/AI/IMG_8775.JPG",2022-08-18 15:55:02,-121.804488888889,54.4860944444444
"IMG_8776.JPG","C:/Users/matwi/OneDrive/Projects/repo/fish_passage_peace_2022_reporting/data/photos/AI/IMG_8776.JPG",2022-08-18 15:55:10,-121.804488888889,54.4860944444444
"IMG_8777.JPG","C:/Users/matwi/OneDrive/Projects/repo/fish_passage_peace_2022_reporting/data/photos/AI/IMG_8777.JPG",2022-08-18 15:59:46,-121.804375,54.4859194444444
"IMG_8778.JPG","C:/Users/matwi/OneDrive/Projects/repo/fish_passage_peace_2022_reporting/data/photos/AI/IMG_8778.JPG",2022-08-18 16:04:26,-121.804380555556,54.4858472222222
"IMG_8780.JPG","C:/Users/matwi/OneDrive/Projects/repo/fish_passage_peace_2022_reporting/data/photos/AI/IMG_8780.JPG",2022-08-18 16:37:39,-121.8042,54.4859111111111
"IMG_8781.JPG","C:/Users/matwi/OneDrive/Projects/repo/fish_passage_peace_2022_reporting/data/photos/AI/IMG_8781.JPG",2022-08-18 16:37:48,-121.804297222222,54.485825
"IMG_8782.JPG","C:/Users/matwi/OneDrive/Projects/repo/fish_passage_peace_2022_reporting/data/photos/AI/IMG_8782.JPG",2022-08-18 16:54:52,-121.804375,54.4859027777778
"IMG_8783.JPG","C:/Users/matwi/OneDrive/Projects/repo/fish_passage_peace_2022_reporting/data/photos/AI/IMG_8783.JPG",2022-08-18 16:54:56,-121.804375,54.4859027777778
"IMG_8784.JPG","C:/Users/matwi/OneDrive/Projects/repo/fish_passage_peace_2022_reporting/data/photos/AI/IMG_8784.JPG",2022-08-18 17:20:09,-121.8042,54.4858138888889
"IMG_8785.JPG","C:/Users/matwi/OneDrive/Projects/repo/fish_passage_peace_2022_reporting/data/photos/AI/IMG_8785.JPG",2022-08-18 17:20:11,-121.8042,54.4858138888889
"IMG_8786.JPG","C:/Users/matwi/OneDrive/Projects/repo/fish_passage_peace_2022_reporting/data/photos/AI/IMG_8786.JPG",2022-08-18 17:20:22,-121.8042,54.4858138888889
"IMG_8787.JPG","C:/Users/matwi/OneDrive/Projects/repo/fish_passage_peace_2022_reporting/data/photos/AI/IMG_8787.JPG",2022-08-19 07:54:42,-119.250458333333,52.8441111111111
"IMG_8788.JPG","C:/Users/matwi/OneDrive/Projects/repo/fish_passage_peace_2022_reporting/data/photos/AI/IMG_8788.JPG",2022-08-19 07:55:06,-119.250497222222,52.8440777777778
"IMG_8789.JPG","C:/Users/matwi/OneDrive/Projects/repo/fish_passage_peace_2022_reporting/data/photos/AI/IMG_8789.JPG",2022-08-19 08:18:01,-119.239022222222,52.8504972222222
"IMG_8790.JPG","C:/Users/matwi/OneDrive/Projects/repo/fish_passage_peace_2022_reporting/data/photos/AI/IMG_8790.JPG",2022-08-19 08:18:12,-119.239036111111,52.8504944444444
"IMG_8791.JPG","C:/Users/matwi/OneDrive/Projects/repo/fish_passage_peace_2022_reporting/data/photos/AI/IMG_8791.JPG",2022-08-19 08:34:42,-119.229063888889,52.8510444444444
"IMG_8792.JPG","C:/Users/matwi/OneDrive/Projects/repo/fish_passage_peace_2022_reporting/data/photos/AI/IMG_8792.JPG",2022-08-19 08:37:18,-119.229027777778,52.85105
"IMG_8793.JPG","C:/Users/matwi/OneDrive/Projects/repo/fish_passage_peace_2022_reporting/data/photos/AI/IMG_8793.JPG",2022-08-19 08:51:31,-119.227263888889,52.8499972222222
"IMG_8794.JPG","C:/Users/matwi/OneDrive/Projects/repo/fish_passage_peace_2022_reporting/data/photos/AI/IMG_8794.JPG",2022-08-19 08:51:38,-119.223738888889,52.8479
"IMG_8795.JPG","C:/Users/matwi/OneDrive/Projects/repo/fish_passage_peace_2022_reporting/data/photos/AI/IMG_8795.JPG",2022-08-19 08:51:42,-119.223738888889,52.8479
"IMG_8796.JPG","C:/Users/matwi/OneDrive/Projects/repo/fish_passage_peace_2022_reporting/data/photos/AI/IMG_8796.JPG",2022-08-19 08:52:16,-119.223725,52.8479361111111
"IMG_8797.JPG","C:/Users/matwi/OneDrive/Projects/repo/fish_passage_peace_2022_reporting/data/photos/AI/IMG_8797.JPG",2022-08-19 09:22:01,NA,NA
"IMG_8798.JPG","C:/Users/matwi/OneDrive/Projects/repo/fish_passage_peace_2022_reporting/data/photos/AI/IMG_8798.JPG",2022-08-19 09:22:09,-119.242333333333,52.8626972222222
"IMG_8799.JPG","C:/Users/matwi/OneDrive/Projects/repo/fish_passage_peace_2022_reporting/data/photos/AI/IMG_8799.JPG",2022-08-19 09:22:36,-119.242547222222,52.8614166666667
"IMG_8800.JPG","C:/Users/matwi/OneDrive/Projects/repo/fish_passage_peace_2022_reporting/data/photos/AI/IMG_8800.JPG",2022-08-19 09:24:10,NA,NA
"IMG_8801.JPG","C:/Users/matwi/OneDrive/Projects/repo/fish_passage_peace_2022_reporting/data/photos/AI/IMG_8801.JPG",2022-08-19 09:24:18,-119.241608333333,52.8623888888889
"IMG_8802.JPG","C:/Users/matwi/OneDrive/Projects/repo/fish_passage_peace_2022_reporting/data/photos/AI/IMG_8802.JPG",2022-08-19 09:39:35,-119.265402777778,52.8502277777778
"IMG_8803.JPG","C:/Users/matwi/OneDrive/Projects/repo/fish_passage_peace_2022_reporting/data/photos/AI/IMG_8803.JPG",2022-08-19 09:44:14,-119.268233333333,52.8414916666667
"IMG_8804.JPG","C:/Users/matwi/OneDrive/Projects/repo/fish_passage_peace_2022_reporting/data/photos/AI/IMG_8804.JPG",2022-08-19 09:45:02,-119.267966666667,52.8414805555556
"IMG_8805.JPG","C:/Users/matwi/OneDrive/Projects/repo/fish_passage_peace_2022_reporting/data/photos/AI/IMG_8805.JPG",2022-08-19 09:52:26,-119.267608333333,52.8356027777778
"IMG_8807.JPG","C:/Users/matwi/OneDrive/Projects/repo/fish_passage_peace_2022_reporting/data/photos/AI/IMG_8807.JPG",2022-08-20 13:57:13,-117.237433333333,49.4407388888889
"IMG_8808.JPG","C:/Users/matwi/OneDrive/Projects/repo/fish_passage_peace_2022_reporting/data/photos/AI/IMG_8808.JPG",2022-08-21 11:06:43,-117.279083333333,49.4966666666667
"IMG_8809.JPG","C:/Users/matwi/OneDrive/Projects/repo/fish_passage_peace_2022_reporting/data/photos/AI/IMG_8809.JPG",2022-08-21 11:33:21,-117.278847222222,49.4966805555556
"IMG_8810.JPG","C:/Users/matwi/OneDrive/Projects/repo/fish_passage_peace_2022_reporting/data/photos/AI/IMG_8810.JPG",2022-08-21 11:33:28,-117.2789,49.4967166666667
"IMG_8812.JPG","C:/Users/matwi/OneDrive/Projects/repo/fish_passage_peace_2022_reporting/data/photos/AI/IMG_8812.JPG",2022-08-22 13:19:29,-117.278808333333,49.4966305555556
"IMG_8813.JPG","C:/Users/matwi/OneDrive/Projects/repo/fish_passage_peace_2022_reporting/data/photos/AI/IMG_8813.JPG",2022-08-22 13:19:34,-117.278808333333,49.4966305555556
"IMG_8814.JPG","C:/Users/matwi/OneDrive/Projects/repo/fish_passage_peace_2022_reporting/data/photos/AI/IMG_8814.JPG",2022-08-22 13:19:37,-117.278808333333,49.4966305555556
"IMG_8815.JPG","C:/Users/matwi/OneDrive/Projects/repo/fish_passage_peace_2022_reporting/data/photos/AI/IMG_8815.JPG",2022-08-22 13:19:43,-117.278908333333,49.4971611111111
"IMG_8816.JPG","C:/Users/matwi/OneDrive/Projects/repo/fish_passage_peace_2022_reporting/data/photos/AI/IMG_8816.JPG",2022-08-22 13:35:42,-117.278916666667,49.4971972222222
"IMG_8817.JPG","C:/Users/matwi/OneDrive/Projects/repo/fish_passage_peace_2022_reporting/data/photos/AI/IMG_8817.JPG",2022-08-22 13:19:57,-117.278916666667,49.4967305555556
"IMG_8818.JPG","C:/Users/matwi/OneDrive/Projects/repo/fish_passage_peace_2022_reporting/data/photos/AI/IMG_8818.JPG",2022-08-22 13:20:00,-117.278916666667,49.4967305555556
"IMG_8819.JPG","C:/Users/matwi/OneDrive/Projects/repo/fish_passage_peace_2022_reporting/data/photos/AI/IMG_8819.JPG",2022-08-22 13:20:21,-117.278916666667,49.4967305555556
"IMG_8820.JPG","C:/Users/matwi/OneDrive/Projects/repo/fish_passage_peace_2022_reporting/data/photos/AI/IMG_8820.JPG",2022-08-22 13:20:41,-117.278808333333,49.4966305555556
"IMG_8821.JPG","C:/Users/matwi/OneDrive/Projects/repo/fish_passage_peace_2022_reporting/data/photos/AI/IMG_8821.JPG",2022-08-22 13:20:45,-117.278808333333,49.4966305555556
"IMG_8822.JPG","C:/Users/matwi/OneDrive/Projects/repo/fish_passage_peace_2022_reporting/data/photos/AI/IMG_8822.JPG",2022-08-22 13:20:55,-117.278808333333,49.4966305555556
"IMG_8823.JPG","C:/Users/matwi/OneDrive/Projects/repo/fish_passage_peace_2022_reporting/data/photos/AI/IMG_8823.JPG",2022-08-22 13:21:00,-117.278808333333,49.4966305555556
"IMG_8824.JPG","C:/Users/matwi/OneDrive/Projects/repo/fish_passage_peace_2022_reporting/data/photos/AI/IMG_8824.JPG",2022-08-22 13:21:53,-117.278808333333,49.4966305555556
"IMG_8825.JPG","C:/Users/matwi/OneDrive/Projects/repo/fish_passage_peace_2022_reporting/data/photos/AI/IMG_8825.JPG",2022-08-22 13:22:04,-117.278808333333,49.4966305555556
"IMG_8826.JPG","C:/Users/matwi/OneDrive/Projects/repo/fish_passage_peace_2022_reporting/data/photos/AI/IMG_8826.JPG",2022-08-22 13:35:46,-117.278725,49.4965083333333
"IMG_8827.JPG","C:/Users/matwi/OneDrive/Projects/repo/fish_passage_peace_2022_reporting/data/photos/AI/IMG_8827.JPG",2022-08-22 13:22:21,-117.278869444444,49.4965166666667
"IMG_8828.JPG","C:/Users/matwi/OneDrive/Projects/repo/fish_passage_peace_2022_reporting/data/photos/AI/IMG_8828.JPG",2022-08-22 13:35:49,-117.278855555556,49.4965166666667
"IMG_8829.JPG","C:/Users/matwi/OneDrive/Projects/repo/fish_passage_peace_2022_reporting/data/photos/AI/IMG_8829.JPG",2022-08-22 13:22:33,-117.278794444444,49.4965388888889
"IMG_8830.JPG","C:/Users/matwi/OneDrive/Projects/repo/fish_passage_peace_2022_reporting/data/photos/AI/IMG_8830.JPG",2022-08-22 13:35:53,-117.2788,49.496475
"IMG_8831.JPG","C:/Users/matwi/OneDrive/Projects/repo/fish_passage_peace_2022_reporting/data/photos/AI/IMG_8831.JPG",2022-08-22 13:22:46,-117.278869444444,49.4965055555556
"IMG_8832.JPG","C:/Users/matwi/OneDrive/Projects/repo/fish_passage_peace_2022_reporting/data/photos/AI/IMG_8832.JPG",2022-08-22 13:35:58,-117.278663888889,49.4966277777778
"IMG_8833.JPG","C:/Users/matwi/OneDrive/Projects/repo/fish_passage_peace_2022_reporting/data/photos/AI/IMG_8833.JPG",2022-08-22 13:22:55,-117.278594444444,49.4966194444444
"IMG_8834.JPG","C:/Users/matwi/OneDrive/Projects/repo/fish_passage_peace_2022_reporting/data/photos/AI/IMG_8834.JPG",2022-08-22 13:36:03,-117.278663888889,49.4966138888889
"IMG_8835.JPG","C:/Users/matwi/OneDrive/Projects/repo/fish_passage_peace_2022_reporting/data/photos/AI/IMG_8835.JPG",2022-08-22 13:23:08,-117.278563888889,49.4966166666667
"IMG_8836.JPG","C:/Users/matwi/OneDrive/Projects/repo/fish_passage_peace_2022_reporting/data/photos/AI/IMG_8836.JPG",2022-08-22 13:36:07,-117.278738888889,49.4965222222222
"IMG_8837.JPG","C:/Users/matwi/OneDrive/Projects/repo/fish_passage_peace_2022_reporting/data/photos/AI/IMG_8837.JPG",2022-08-22 13:23:19,-117.278747222222,49.4964861111111
"IMG_8838.JPG","C:/Users/matwi/OneDrive/Projects/repo/fish_passage_peace_2022_reporting/data/photos/AI/IMG_8838.JPG",2022-08-22 13:36:10,-117.278755555556,49.496525
"IMG_8839.JPG","C:/Users/matwi/OneDrive/Projects/repo/fish_passage_peace_2022_reporting/data/photos/AI/IMG_8839.JPG",2022-08-22 13:23:29,-117.278594444444,49.4964444444444
"IMG_8840.JPG","C:/Users/matwi/OneDrive/Projects/repo/fish_passage_peace_2022_reporting/data/photos/AI/IMG_8840.JPG",2022-08-22 13:36:13,-117.278580555556,49.4964527777778
"IMG_8841.JPG","C:/Users/matwi/OneDrive/Projects/repo/fish_passage_peace_2022_reporting/data/photos/AI/IMG_8841.JPG",2022-08-22 13:23:38,-117.278677777778,49.4965138888889
"IMG_8842.JPG","C:/Users/matwi/OneDrive/Projects/repo/fish_passage_peace_2022_reporting/data/photos/AI/IMG_8842.JPG",2022-08-22 13:23:44,-117.278769444444,49.4965583333333
"IMG_8843.JPG","C:/Users/matwi/OneDrive/Projects/repo/fish_passage_peace_2022_reporting/data/photos/AI/IMG_8843.JPG",2022-08-22 13:36:15,-117.278816666667,49.496625
"IMG_8844.JPG","C:/Users/matwi/OneDrive/Projects/repo/fish_passage_peace_2022_reporting/data/photos/AI/IMG_8844.JPG",2022-08-22 13:36:18,-117.278808333333,49.4965944444444
"IMG_8845.JPG","C:/Users/matwi/OneDrive/Projects/repo/fish_passage_peace_2022_reporting/data/photos/AI/IMG_8845.JPG",2022-08-22 13:30:43,-117.278838888889,49.4965638888889
"IMG_8846.JPG","C:/Users/matwi/OneDrive/Projects/repo/fish_passage_peace_2022_reporting/data/photos/AI/IMG_8846.JPG",2022-08-22 13:31:19,-117.278825,49.4965861111111
"IMG_8847.JPG","C:/Users/matwi/OneDrive/Projects/repo/fish_passage_peace_2022_reporting/data/photos/AI/IMG_8847.JPG",2022-08-22 13:33:08,-117.278816666667,49.4966055555556
"IMG_8848.JPG","C:/Users/matwi/OneDrive/Projects/repo/fish_passage_peace_2022_reporting/data/photos/AI/IMG_8848.JPG",2022-08-22 13:33:14,-117.2788,49.4965888888889
"IMG_8849.JPG","C:/Users/matwi/OneDrive/Projects/repo/fish_passage_peace_2022_reporting/data/photos/AI/IMG_8849.JPG",2022-08-22 13:33:20,-117.2788,49.496575
"IMG_8850.JPG","C:/Users/matwi/OneDrive/Projects/repo/fish_passage_peace_2022_reporting/data/photos/AI/IMG_8850.JPG",2022-08-22 13:33:38,-117.2788,49.4965694444444
